{"cameraMode":{"drawMode":0,"name":"Shaded","section":"Shading Mode"},"sceneLighting":true,"audioPlay":false,"sceneViewState":{"m_AlwaysRefresh":false,"showFog":true,"showSkybox":true,"showFlares":true,"showImageEffects":true,"showParticleSystems":true,"showVisualEffectGraphs":true,"m_FxEnabled":true},"in2DMode":false,"pivot":{"x":-5.810409069061279,"y":21.807586669921876,"z":103.4612808227539},"rotation":{"x":-0.14094525575637818,"y":-0.8241563439369202,"z":0.49606505036354067,"w":-0.23423916101455689},"size":0.5097934007644653,"orthographic":false}